id,name
9,春晓食堂
116,测试食堂0001
117,测试员工餐厅0005
121,测试员工餐厅商户103100
122,测试员工餐厅103120
140,周然测试食堂（新支付V2）
151,张文润测试食堂
168,测试商户名称1
187,测试食堂测试
192,自动支付测试
193,研发支付测试
194,创建员工餐厅穿上世界上的技术比赛时间不是时间抓紧时间是不是傻
195,短短短短短短短短短短短短短短短短短短短短短短短短短短短短短短
231,糙盐精选
251,闫丹（测试）食堂
286,员工餐厅id测试
348,pp测试（测）
349,山东英才学院（老兵餐饮）
355,森丰大厦食堂(小禾苗饮食)
380,Payment 测试
398,成都太保专用套餐
425,飞扬科技园食堂食星餐饮
428,中国兰州马氏传统牛肉面
431,赵英伟测试食堂3
443,华西测试食堂
444,嘟知到餐饮未上线
468,如皋造船厂
470,张清测试食堂
486,合肥安德智联职工食堂（闻香源餐饮）
491,邓懿琛测试B
494,四川省第二中医院查账
495,四川省第二中医院餐线
496,四川省第二中医院小炒
497,四川省第二中医院超市
502,好客厨房
509,xcj_测试员工餐厅无法创建
510,DQ测试商户20210201
514,正一味首经贸店
515,由氏麻辣香锅定福庄店
518,醉忆川华贸购物中心店
524,广州凤尾小学
530,索迪斯-欧莱雅食堂
532,开沃徐州餐厅
539,开沃高淳餐厅
540,开沃新食堂
541,开沃老食堂
542,开沃华维克
543,开沃来碗馄饨
544,开沃烧烤
545,开沃鲜果
546,开沃百货超市
547,开沃刘记淮南牛肉汤
548,开沃饭店
550,开沃员工超市
563,泰州人民医院（中快人餐饮）
565,开沃武汉餐厅
569,中西医结合医院食堂
616,食堂系统搭建
617,测试1100
619,报餐
620,静安检察院咖吧
621,静安检察院洗衣房
622,静安检察院理发室
630,美餐成都
631,泰祥热电厂区食堂
634,常州一院营养食堂
635,常州一院罗森
637,美餐work餐厅体验馆
638,退休干部大学-大塔儿巷食堂
639,退休干部大学-保俶北路食堂
641,食堂测试cs
643,常州一院集中扣款
657,索迪斯-Nike自营外卖
672,美餐小食堂-2
674,千百味
678,鑫海泉建信晓月楼专用
683,盒马F2到店
689,测试订餐
693,vivo食堂
698,迅达总部餐厅2
701,饮食服务中心
702,武汉东湖网谷食堂-二楼宴请
706,煲煲鼎
711,郑州三院北院区职工餐厅一号机
714,武汉东风测试接口食堂
720,郑州三院北院区午餐
744,北京汉王大厦
753,长沙测试餐厅1餐厅
777,波波测试餐厅
785,测试餐厅2
786,测试餐厅1
799,八中心军人餐厅自助餐厅
800,八中心香山门诊部餐厅
806,招商仁和集团深办
832,自选餐线(北京搜狐网络大厦)
833,NKD系统演示
835,万亚餐饮（瀚川智能）
837,合肥国际金融中心职工补贴
844,信阳学院2
859,2021-超视堺CE宵夜食堂-旧
866,测试04
872,铁板炒饭
873,食悦轩餐厅
878,静安检察院洗车费
881,测试dw
882,测试餐厅111
890,赵英伟日常食堂测试
892,皇家美孚
894,皇家美孚_北京
899,喻记南派
900,凡夫测试
901,通州院区
902,测试通州院区店
907,好客厨房(瀚川智能)
908,兀岛烧肉丼饭
909,令狐沖沖麻辣香锅
910,东莞人保食堂弃用
913,原麦蛋糕店
916,新丰县农业农村局暂不用
917,益膳砂煲粥
924,测试1031
926,测试1030
927,测试10301
928,汉堡王
932,卜蜂莲花
934,东北人家
946,亚惠美食111
947,么么鱼欢乐烫
949,北航餐厅
953,湖南景园小馆
954,广州实验室餐厅档口
955,方一坤野山菌胡辣汤
956,蜜度烘焙坊
959,北航餐厅青岛店-A
960,北航餐厅-B
961,北航餐厅-C
962,北航餐厅-D
963,北航餐厅-E
965,头牌烧烤
969,妙客中式餐饮
971,无锡中环106食堂
972,无锡中环109食堂
973,无锡中环环鑫食堂
974,无锡中环电池食堂
975,无锡中环新能源食堂
981,维沃北京食堂
986,久谷香
987,犟骨头绿城丽达店
989,沙野轻食
992,驴脾气西三旗店
995,晓寿司日本料理
996,青禾馅饼新乡店
998,刘壹两生煎
1000,紫金保险离职清零
1007,无锡中环办公楼B座食堂
1012,国妇婴便民服务部
1018,海盗虾饭(呼家楼店)
1019,台资味卤肉饭
1022,无锡中环大食堂特色区
1023,丽峰食尚四季青店
1025,天津大学新城医院员工食堂二层充值
1030,海盗虾饭上地辉煌店
1032,海盗虾饭上地辉煌店滴滴专用
1034,漫玖捌青岛店
1036,杭州市肿瘤医院-零售
1038,亚惠美食欧亚达店
1045,盛磊测试餐厅
1046,泰州金融广场-锦泰超市
1047,硬件简单模式测试食堂
1050,NICK搭建后台测试
1052,卤真香捞面捞饭
1057,广州市悦汇城食堂方盒餐饮
1058,广州市方盒悦汇城
1062,1222测试2
1063,罗店医院食堂
1064,成都太保-巴蜀味馆
1068,DAPI测试食堂2
1069,成都太保-邻里小食
1070,成都太保-水煮之乡
1071,成都太保-烧腊档口
1072,成都太保-味园小面
1073,成都太保水吧
1074,成都太保自选2
1077,小气鬼烩菜
1078,米厨当家
1082,西域兰庭
1083,夸父炸串
1084,守珍饺子清真店
1085,守珍饺子安贞店
1086,陕客肉夹馍
1087,吉祥馄饨青岛绿城丽达店
1088,淘宝商城代采
1093,上海铁力工业园园区食堂
1094,上海东航物流虹桥机场西区货站食堂（康喜乐嘉）
1095,康喜备用食堂5
1096,康喜备用食堂6
1097,康喜备用食堂7
1098,康喜备用食堂8
1099,康喜备用食堂9
1100,康喜备用食堂10
1101,康喜备用食堂11
1103,成都太保备用账户1
1104,成都太保备用账户2
1105,成都太保备用账户3
1107,合肥华宇餐饮有限公司备用食堂1
1108,合肥华宇餐饮有限公司备用食堂2
1109,合肥华宇餐饮有限公司备用食堂3
1111,合肥华宇餐饮有限公司备用食堂4
1112,合肥华宇餐饮有限公司备用食堂5
1115,广州市向太太餐饮有限公司
1116,湘雅二院备用食堂1
1117,湘雅二院备用食堂2
1118,湘雅二院备用食堂3
1119,湘雅二院备用食堂4
1120,湘雅二院备用食堂5
1122,食布我袋布袋馍
1127,武汉三特索道集团股份有限公司
1129,九江市第三人民医院备用1
1130,九江市第三人民医院备用2
1131,九江市第三人民医院备用3
1132,常州康喜乐嘉备用1
1133,常州康喜乐嘉备用2
1134,太保测试2
1135,芝麻花餐饮备用食堂1
1136,芝麻花餐饮备用食堂2
1138,林赞东测试餐厅
1142,杨恒测试/
1143,牟泉竹测试拉面
1145,易凯杰测试/
1147,高永飞测试2
1154,李泽林上海大学测试校区一食堂
1156,李泽林上海大学测试校区
1166,测试废弃
1170,美餐测试学院一食堂
1171,遂溪人民医院职工食堂
1173,北田厨品日式招牌饭-A
1175,DAPI测试食堂3
1182,麻门毛肚米线
1183,杨府合流镇胡辣汤
1184,花甲大咖
1185,北田厨品悦荟店
1189,芜湖食汇林餐饮备用食堂1
1190,芜湖食汇林餐饮备用食堂2
1191,芜湖食汇林餐饮备用食堂3
1192,芜湖食汇林餐饮备用食堂4
1193,芜湖食汇林餐饮备用食堂5
1194,芜湖食汇林餐饮备用食堂6
1195,喜来登大酒店代采
1198,郴州职院备用食堂1
1200,老边饺子馆航天桥店
1202,厨禾现炒小碗菜曼哈顿店
1203,厨禾现炒小碗菜郑东新区店
1204,小马哥金钱麻辣爆肚郑州工商学院店
1205,安徽国际商务职业学院总餐厅
1208,掌隆备用餐厅1
1209,掌隆备用餐厅2
1210,掌隆备用餐厅3
1211,掌隆备用餐厅4
1212,掌隆备用餐厅5
1214,杨俊千测试餐厅1
1215,杭州医药港和达药谷4期超市（庆禾餐饮）
1218,北京金宝大厦尚正永业
1220,华丽餐厅备用1
1221,华丽餐厅备用2
1222,华丽餐厅备用3
1223,开沃集团生日福利（废）
1224,汉堡王集成电路店
1226,泛美测试食堂1
1227,泛美测试食堂2
1228,开沃烘焙坊
1231,赞稼八宝粥青岛南京路
1232,觅轻食客青岛店
1233,宿州航空备用餐厅1
1234,宿州航空备用餐厅2
1235,合肥工业大学智能制造技术研究院食堂备用
1236,杨訫米线洛阳店
1237,中科大厦食堂
1251,常州一院罗森新
1256,邹俞测试信农学院食堂二楼（好乐佳餐厅）
1259,老边饺子馆西客站店
1260,武汉测试餐厅
1261,武汉测试餐厅2
1262,武汉测试餐厅3
1266,湖北易道餐饮备用餐厅1
1267,湖北易道餐饮备用餐厅2
1268,湖北易道餐饮备用餐厅3
1269,湖北易道餐饮备用餐厅4
1270,湖北易道餐饮备用餐厅5
1271,湖北易道餐饮备用餐厅6
1272,湖北易道餐饮备用餐厅7
1273,湖北易道餐饮备用餐厅8
1274,湖北易道餐饮备用餐厅9
1275,湖北易道餐饮备用餐厅10
1276,湖北易道餐饮备用餐厅11
1277,湖北易道餐饮备用餐厅12
1278,湖北易道餐饮备用餐厅13
1279,湖北易道餐饮备用餐厅14
1280,湖北易道餐饮备用餐厅15
1282,test1zhaopeng
1285,新丰县行政服务中心备用
1286,新丰县行政服务中心备用1
1287,新丰县行政服务中心备用2
1288,安徽尚好轩餐饮备用食堂1
1289,安徽尚好轩餐饮备用食堂2
1291,赞稼八宝粥青岛南京路-A
1292,赞稼八宝粥青岛南京路-B
1293,赞稼八宝粥青岛南京路-C
1294,赞稼八宝粥青岛南京路-D
1295,赞稼八宝粥青岛南京路-E
1298,福建船政交通职业学院中善食堂备用1
1299,福建船政交通职业学院中善食堂备用2
1303,泉州第一医院城东分院食堂备用3
1307,武汉康喜乐嘉备用餐厅1
1308,武汉康喜乐嘉备用餐厅2
1309,武汉康喜乐嘉备用餐厅3
1310,武汉康喜乐嘉备用餐厅4
1311,武汉康喜乐嘉备用餐厅5
1312,武汉康喜乐嘉备用餐厅6
1313,武汉康喜乐嘉备用餐厅7
1314,武汉康喜乐嘉备用餐厅8
1315,武汉康喜乐嘉备用餐厅9
1316,武汉康喜乐嘉备用餐厅10
1317,武汉康喜乐嘉备用餐厅11
1318,武汉康喜乐嘉备用餐厅12
1319,武汉康喜乐嘉备用餐厅13
1320,武汉康喜乐嘉备用餐厅14
1321,武汉康喜乐嘉备用餐厅15
1326,重拾糊涂馄饨洛阳店
1334,杭州禾苗餐饮管理有限公司备用2
1335,杭州禾苗餐饮管理有限公司备用3
1336,杭州禾苗餐饮管理有限公司备用4
1337,杭州禾苗餐饮管理有限公司备用5
1338,杭州禾苗餐饮管理有限公司备用6
1339,杭州禾苗餐饮管理有限公司备用7
1340,杭州禾苗餐饮管理有限公司备用8
1341,杭州禾苗餐饮管理有限公司备用9
1342,杭州禾苗餐饮管理有限公司备用10
1343,杭州禾苗餐饮管理有限公司备用11
1344,杭州禾苗餐饮管理有限公司备用12
1345,杭州禾苗餐饮管理有限公司备用13
1346,杭州禾苗餐饮管理有限公司备用14
1347,杭州禾苗餐饮管理有限公司备用15
1348,杭州禾苗餐饮管理有限公司备用16
1349,杭州禾苗餐饮管理有限公司备用17
1350,杭州禾苗餐饮管理有限公司备用18
1351,杭州禾苗餐饮管理有限公司备用19
1352,杭州禾苗餐饮管理有限公司备用20
1353,杭州禾苗餐饮管理有限公司备用21
1354,杭州禾苗餐饮管理有限公司备用22
1355,杭州禾苗餐饮管理有限公司备用23
1356,杭州禾苗餐饮管理有限公司备用24
1357,杭州禾苗餐饮管理有限公司备用25
1358,杭州禾苗餐饮管理有限公司备用26
1359,杭州禾苗餐饮管理有限公司备用27
1360,杭州禾苗餐饮管理有限公司备用28
1361,【旧】阳江市人民医院食堂
1363,国际饭店备用
1364,北京国际饭店备用1
1365,汉堡王龙冠置业店
1366,小喜哥牛肉胡辣汤
1373,安徽公路技校备用餐厅
1374,水饺鲜生青岛店
1377,霸蛮米饭青岛悦荟店
1379,故里蓉城冒菜
1382,南华大学附属医院备用1
1383,南华大学附属医院备用2
1384,南华大学附属医院备用3
1386,集杰号餐厅
1389,武汉中饮餐饮备用餐厅2
1390,武汉中饮餐饮备用餐厅3
1391,武汉中饮餐饮备用餐厅4
1392,武汉中饮餐饮备用餐厅5
1393,武汉中饮餐饮备用餐厅6
1394,武汉中饮餐饮备用餐厅7
1395,武汉中饮餐饮备用餐厅8
1396,武汉中饮餐饮备用餐厅9
1397,武汉中饮餐饮备用餐厅10
1416,合肥海尔电冰箱厂食堂B楼备用餐厅
1423,三社管徐胜赢测试食堂
1430,安泰商贸
1431,小鱼大作酸菜鱼青岛店
1432,荣知味米线洛阳店
1434,花甲大咖开封店
1444,合肥海尔电冰箱厂食堂B楼备用餐厅2
1445,合肥海尔电冰箱厂食堂B楼备用餐厅3
1446,合肥海尔电冰箱厂食堂B楼备用餐厅4
1447,合肥海尔电冰箱厂食堂B楼备用餐厅5
1453,广东青年职业学院备用食堂一
1454,良品早餐
1455,良品称菜
1456,良品营养套餐
1457,良品卤制品
1458,良品水煮鱼香
1459,良品粉面世家
1460,良品现焗世家
1461,良品卤肉饭
1462,良品鲜快炒
1463,良品轻食水果
1465,晓寿司玉泉营店
1466,喜茶新中关店代采
1467,凉山中医院备用
1468,良品铺子测试
1471,良品烧腊
1473,良品铺子食堂测试
1477,汉堡王诚盈中心店
1478,麦子香家常菜手擀面
1482,牛三爷嫩牛五方(新乡店)
1483,晓寿司动物园店
1485,上海配餐中心食堂
1490,天文馆备用
1493,MISS汀蛋糕甜品店
1495,废弃
1497,海航大厦食堂
1501,安庆会通新材料有限公司厂区行一备用餐厅
1502,huihiu
1504,半糖联盟青岛店
1505,河南科技大学第一附属医院新院区一层充值处
1507,安庆绿地新里城营销中心食堂友惠备用餐厅
1508,五谷渔粉新乡店
1511,米知味融合餐厅
1512,五谷渔粉新乡高新区店
1513,五谷渔粉
1514,盛磊的测试食堂
1515,盛磊的测试食堂2
1516,长垣烹饪职业技术学院二楼餐厅
1517,河南老兵餐饮服务有限公司备用餐厅1
1518,河南老兵餐饮服务有限公司备用餐厅2
1519,河南老兵餐饮服务有限公司备用餐厅3
1520,河南老兵餐饮服务有限公司备用餐厅4
1521,河南老兵餐饮服务有限公司备用餐厅5
1522,河南老兵餐饮服务有限公司备用餐厅6
1523,河南老兵餐饮服务有限公司备用餐厅7
1524,河南老兵餐饮服务有限公司备用餐厅8
1525,河南老兵餐饮服务有限公司备用餐厅9
1526,河南老兵餐饮服务有限公司备用餐厅10
1527,安徽公路技校备用餐厅1
1528,盛磊开的中餐厅
1529,盛磊开的西餐厅
1530,安徽公路技校备用餐厅2
1531,安徽公路技校备用餐厅3
1533,合工大智能院二楼食堂备用餐厅1
1534,合工大智能院二楼食堂备用餐厅2
1537,比德文产业园四楼备用餐厅1
1539,上海东航物流虹桥机场东区充值收款
1540,东航物流浦东机场西区充值收款
1541,东航物流浦东机场东区北区充值收款
1543,奉化迎思社区安养食堂充值
1547,宁波康喜乐嘉备用食堂9
1548,宁波康喜乐嘉备用食堂10
1549,宁波康喜乐嘉备用食堂11
1550,宁波康喜乐嘉备用食堂12
1551,宁波康喜乐嘉备用食堂13
1552,宁波康喜乐嘉备用食堂14
1553,宁波康喜乐嘉备用食堂15
1554,宁波康喜乐嘉备用食堂16
1555,宁波康喜乐嘉备用食堂17
1556,宁波康喜乐嘉备用食堂18
1557,宁波康喜乐嘉备用食堂19
1558,宁波康喜乐嘉备用食堂20
1559,宁波康喜乐嘉备用食堂21
1560,宁波康喜乐嘉备用食堂22
1561,宁波康喜乐嘉备用食堂23
1562,宁波康喜乐嘉备用食堂24
1563,宁波康喜乐嘉备用食堂25
1564,宁波康喜乐嘉备用食堂26
1565,宁波康喜乐嘉备用食堂27
1566,宁波康喜乐嘉备用食堂28
1567,宁波康喜乐嘉备用食堂29
1568,宁波康喜乐嘉备用食堂30
1569,宁波康喜乐嘉备用食堂31
1570,宁波康喜乐嘉备用食堂32
1571,宁波康喜乐嘉备用食堂33
1572,宁波康喜乐嘉备用食堂34
1573,宁波康喜乐嘉备用食堂35
1574,宁波康喜乐嘉备用食堂36
1575,宁波康喜乐嘉备用食堂37
1576,宁波康喜乐嘉备用食堂38
1577,宁波康喜乐嘉备用食堂39
1578,宁波康喜乐嘉备用食堂40
1579,宁波康喜乐嘉备用食堂41
1580,宁波康喜乐嘉备用食堂42
1581,宁波康喜乐嘉备用食堂43
1582,宁波康喜乐嘉备用食堂44
1583,宁波康喜乐嘉备用食堂45
1584,宁波康喜乐嘉备用食堂46
1585,宁波康喜乐嘉备用食堂47
1586,宁波康喜乐嘉备用食堂48
1587,宁波康喜乐嘉备用食堂49
1588,宁波康喜乐嘉备用食堂50
1591,比德文产业园四楼备用餐厅2
1592,比德文产业园四楼备用餐厅3
1593,比德文产业园四楼备用餐厅4
1594,比德文产业园四楼备用餐厅5
1595,湘南学院附属医院备用食堂1
1596,湘南学院附属医院备用食堂2
1597,湘南学院附属医院备用食堂3
1598,河南老雒阳幸福团餐饮食有限公司备用餐厅1
1599,河南老雒阳幸福团餐饮食有限公司备用餐厅2
1600,河南老雒阳幸福团餐饮食有限公司备用餐厅3
1601,河南老雒阳幸福团餐饮食有限公司备用餐厅4
1602,河南老雒阳幸福团餐饮食有限公司备用餐厅5
1603,河南老雒阳幸福团餐饮食有限公司备用餐厅6
1604,花小小新疆炒米粉
1605,亚惠美食和平广场店
1607,米知味纱厂南路店
1608,惊鸿一面银川店
1610,汉堡王包头苏宁广场店
1611,汉堡王济宁贵和店
1612,成都市温江区医学城3期食堂三楼
1613,成都市温江区医学城3期食堂四楼
1616,成都美餐分公司
1618,汉堡王北京新荟城店
1629,谷满地饭店郑州店
1631,称重餐线
1633,汉堡王天津MSD店
1634,汉堡王天津小白楼店
1635,汉堡王青岛阳光大厦店
1636,绿泉餐饮备用餐厅1
1637,绿泉餐饮备用餐厅2
1638,汉堡王石家庄财富大厦店
1639,绿泉餐饮备用餐厅3
1640,汉堡王保定华创店
1641,绿泉餐饮备用餐厅4
1642,绿泉餐饮备用餐厅5
1643,汉堡王太原北美新天地餐厅店
1644,汉堡王唐山爱琴海店
1645,汉堡王临沂泰盛广场店
1646,汉堡王四元桥店
1648,南昌创力大厦观味食堂备用1
1650,中核五建网上商超
1651,晶川电力电子科技园食堂备用餐厅
1652,晶川电力电子科技园食堂备用餐厅2
1653,晶川电力电子科技园食堂备用餐厅3
1654,晶川电力电子科技园食堂备用餐厅4
1656,渭南市山阳煤矿二楼超市
1657,餐补消费餐厅测试
1660,浙江灵峰餐饮备用1
1661,浙江灵峰餐饮备用2
1662,浙江灵峰餐饮备用3
1663,浙江灵峰餐饮备用4
1664,浙江灵峰餐饮备用5
1665,浙江灵峰餐饮备用6
1666,浙江灵峰餐饮备用7
1667,浙江灵峰餐饮备用8
1668,浙江灵峰餐饮备用9
1669,浙江灵峰餐饮备用10
1672,文榜火烧新乡店
1675,安徽粮食工程职业学院大佳一餐厅备用1
1676,安徽粮食工程职业学院大佳一餐厅备用2
1677,安徽粮食工程职业学院大佳一餐厅备用3
1678,汉堡王太原万达店
1679,顺德光电产业园都市嘉食堂康洁膳食备用1
1680,顺德光电产业园都市嘉食堂康洁膳食备用2
1684,【备用】新容奇医院-职工餐厅
1687,贵州广播电影电视学校食堂二楼
1688,贵州广播电影电视学校食堂三楼
1690,苏州品越餐饮
1691,测试001吴
1694,重庆荣昌盈田产业园食堂-充值专用
1695,汉堡王青岛利群店-A
1696,德科测试
1698,合工创芯产业园食堂二楼备用餐厅
1701,allen测试
1706,澳优总部备用食堂
1713,南充市中心医院（备用1）
1714,南充中心医院（备用2）
1716,荣昌鲜佳智备用10
1717,荣昌眼镜园备用6
1718,荣昌鲜佳智备用9
1726,洛阳新义煤矿矿口超市
1732,肉蟹煲
1734,支付宝小微测试餐厅
1735,小谷姐姐麻辣烫麻辣拌朝阳路店
1736,汉堡王首城国际
1740,福建省肿瘤医院综合食堂备用A中团餐饮
1741,福建省肿瘤医院综合食堂中团餐饮备用B
1743,毕节幼儿师范高等专科学院备用餐厅2
1747,合肥市包河产业园逍肴厨子一楼备用餐厅2
1748,五爷拌面北苑店
1753,武汉国际企业中心园食谷餐厅备用1
1754,武汉国际企业中心园食谷餐厅备用2
1755,武汉国际企业中心园食谷餐厅备用3
1756,武汉国际企业中心园食谷餐厅备用4
1757,武汉国际企业中心园食谷餐厅备用5
1758,武汉国际企业中心园食谷餐厅备用6
1759,武汉国际企业中心园食谷餐厅备用7
1760,武汉国际企业中心园食谷餐厅备用8
1761,武汉国际企业中心园食谷餐厅备用9
1762,武汉国际企业中心园食谷餐厅备用10
1763,武汉国际企业中心园食谷餐厅备用11
1764,武汉国际企业中心园食谷餐厅备用12
1765,武汉国际企业中心园食谷餐厅备用13
1766,武汉国际企业中心园食谷餐厅备用14
1767,武汉国际企业中心园食谷餐厅备用15
1768,武汉国际企业中心园食谷餐厅备用16
1769,武汉国际企业中心园食谷餐厅备用17
1770,武汉国际企业中心园食谷餐厅备用18
1775,常州一院咖啡馆
1777,每日沙拉郑州店
1778,啊哦粑粑坊大学路店
1786,四川省团餐档口招商平台
1787,五爷拌面郑州绿地新都会店
1788,郭蕊测试餐厅
1790,安徽尚好轩餐饮备用食堂3
1791,安徽尚好轩餐饮备用食堂4
1792,武汉中饮餐饮备用餐厅11
1793,武汉中饮餐饮备用餐厅12
1794,武汉中饮餐饮备用餐厅13
1795,武汉中饮餐饮备用餐厅14
1796,武汉中饮餐饮备用餐厅15
1797,武汉中饮餐饮备用餐厅16
1798,武汉中饮餐饮备用餐厅17
1799,武汉中饮餐饮备用餐厅18
1800,武汉中饮餐饮备用餐厅19
1801,武汉中饮餐饮备用餐厅20
1802,丁记黄焖鸡米饭2
1803,青蔬麻辣烫新乡店
1804,川香阁
1805,淙淙那年河鲜坊
1806,李连贵熏肉大饼小营珠宝城店
1811,厦门跨境电商产业园食堂筷马星厨餐饮备用A
1812,厦门跨境电商产业园食堂筷马星厨餐饮备用B
1813,厦门跨境电商产业园食堂筷马星厨餐饮备用C
1815,厦门跨境电商产业园食堂筷马星厨餐饮备用D
1816,瑞鑫宇备用1
1817,瑞鑫宇备用2
1818,瑞鑫宇备用3
1819,瑞鑫宇备用4
1820,瑞鑫宇备用5
1821,瑞鑫宇备用6
1822,瑞鑫宇备用7
1823,瑞鑫宇备用8
1825,瑞鑫宇备用9
1826,瑞鑫宇备用10
1827,武汉中饮餐饮备用餐厅21
1828,武汉中饮餐饮备用餐厅22
1829,武汉中饮餐饮备用餐厅23
1830,武汉中饮餐饮备用餐厅24
1831,武汉中饮餐饮备用餐厅25
1832,【弃用】唐韵茶艺馆
1833,test0422
1838,亚惠美食宏远源时代店
1843,襄阳市护士学校一食堂
1844,襄阳市护士学校二食堂
1845,健鼎无锡芙蓉厂备用食堂1
1846,健鼎无锡芙蓉厂备用食堂2
1847,健鼎无锡芙蓉厂备用食堂3
1848,健鼎无锡芙蓉厂备用食堂4
1849,健鼎无锡芙蓉厂备用食堂5
1854,宝宝喊你来吃饭餐厅备用1
1855,宝宝喊你来吃饭餐厅备用2
1857,成都市国腾科技园二食堂备用
1858,成都市国腾科技园二食堂备用1
1859,超视堺CELL食堂备用
1862,汉堡王天津空港复地店
1863,汉堡王天津富力广场北马路店
1864,汉堡王大连高新万达店
1865,安徽尚好轩餐饮备用食堂5
1866,安徽尚好轩餐饮备用食堂6
1867,【弃用】客家城砵仔菜
1875,测试。。。。（作废）
1876,西安市中心医院塘坊街院区备用
1879,荣昌鲜佳智备用2
1880,荣昌鲜佳智备用3
1881,备用
1882,荣昌鲜佳智备用5
1885,杭州梓昆科技亚林餐饮备用A
1886,杭州梓昆科技亚林餐饮备用餐厅B
1887,杭州梓昆科技亚林餐饮备用C
1888,安徽誉苓餐饮管理有限公司备用食堂1
1889,安徽誉苓餐饮管理有限公司备用食堂2
1892,比克大厦备用食堂2
1894,福建技术师范学院则徐园食堂备用A
1895,福建技术师范学院则徐园食堂备用B
1896,福建技术师范学院则徐园食堂备用C
1897,福建技术师范学院则徐园食堂备用D
1898,福建技术师范学院则徐园食堂备用E
1901,广州致远电子企业食堂蒸味餐饮备用1
1907,中华药港食堂餐厅
1912,成都银杏酒店管理学院备用2
1915,成都银杏酒店管理学院备用5
1917,成都银杏酒店管理学院备用6
1918,成都银杏酒店管理学院备用7
1920,成都银杏酒店管理学院备用8
1921,成都银杏酒店管理学院-废弃
1922,国博vr园区一半菜园店备用食堂1
1924,凉皮先生幸福里店
1925,汉堡王天津富力广场店
1928,成都市金融城顺心餐饮食堂备用2
1929,成都市金融城顺心餐饮超市
1932,长沙县妇幼保健院备用食堂1
1933,长沙县妇幼保健院备用食堂2
1934,长沙县妇幼保健院备用食堂3
1938,四季暖食新乡店
1943,下线1
1944,深圳市万科南头古城物业食堂一楼
1951,中睿餐饮备用食堂1
1952,中睿餐饮备用食堂2
1953,中睿餐饮备用食堂3
1954,厦门市电子城国际创新中心化府餐厅彦之美乡餐饮
1955,厦门市电子城国际创新中心化府餐厅彦之美乡餐饮备用B
1956,福州世纪百联食堂玉莹餐饮备用A
1957,福州世纪百联食堂玉莹餐饮备用B
1958,合肥市新站区暖岸餐饮备用餐厅1
1959,合肥市新站区暖岸餐饮备用餐厅2
1960,合肥市新站区暖岸餐饮备用餐厅3
1964,晋中职业创食记1号食堂堂备用1
1965,晋中职业创食记1号食堂堂备用2
1966,开元餐厅备用1
1967,开元餐厅备用2
1968,开元餐厅备用3
1969,开元餐厅备用4
1970,开元餐厅备用5
1971,开元餐厅备用6
1972,开元餐厅备用7
1973,丰盛商汇味多晓厨食堂
1974,南京味多晓厨餐饮备用2
1975,南京味多晓厨餐饮备用3
1976,南京味多晓厨餐饮备用4
1977,南京味多晓厨餐饮备用5
1978,南京味多晓厨餐饮备用6
1979,太原英语周报备用餐厅一
1980,太原家家利美食城备用餐厅一
1986,赣州市人民医院北院备用1
1987,赣州市人民医院北院备用2
1988,港丰护理中心备用
1990,大塘街长者综合服务中心备用
1991,杭州梓昆科技亚林餐饮备用D
1992,杭州梓昆科技亚林餐饮备用E
1993,刘祥隆-测试餐厅
1995,西安天润美食广场备用1
1996,西安天润美食广场备用2
1997,西安天润美食广场备用3
1998,卤太宗清华园店
1999,渔芙蓉
2002,福州市网讯智慧中心大厦网讯美食食堂备用A
2003,福州市网讯智慧中心大厦网讯美食食堂备用B
2004,福州市网讯智慧中心大厦网讯美食食堂备用C
2005,福州市网讯智慧中心大厦网讯美食食堂备用D
2006,福州市网讯智慧中心大厦网讯美食食堂备用E
2010,信阳学院东区一餐厅备用一
2011,信阳学院东区一餐厅备用二
2012,温州森马服饰一号食堂（上海和温州）
2013,温州森马服饰二号食堂（上海和温州）
2014,温州森马服饰园区超市（上海和温州）
2015,温州森马服饰园区咖啡吧（上海和温州）
2018,温州森马服饰浙里湘（上海和温州）
2019,济南市高新区政务中心餐厅备用餐厅1
2020,济南市高新区政务中心餐厅备用餐厅2
2021,济南市高新区政务中心餐厅备用餐厅3
2023,湖南中睿餐饮沅陵分公司备用食堂2
2024,湖南中睿餐饮沅陵分公司备用食堂3
2025,湖南中睿餐饮沅陵分公司备用食堂4
2026,湖南中睿餐饮沅陵分公司备用食堂5
2027,湖南中睿餐饮沅陵分公司备用食堂6
2028,湖南中睿餐饮沅陵分公司备用食堂7
2029,湖南中睿餐饮沅陵分公司备用食堂8
2030,湖南中睿餐饮沅陵分公司备用食堂9
2031,湖南中睿餐饮沅陵分公司备用食堂10
2033,杭州医药港小镇和达药谷加速器三期园区食堂备用A
2034,杭州医药港小镇和达药谷加速器三期园区食堂备用B
2035,杭州医药港小镇和达药谷加速器三期园区食堂备用C
2036,杭州医药港小镇和达药谷加速器三期园区食堂备用D
2037,杭州医药港小镇和达药谷加速器三期园区食堂备用E
2040,湖南中睿餐饮中方分公司备用食堂3
2041,湖南中睿餐饮中方分公司备用食堂4
2042,湖南中睿餐饮中方分公司备用食堂5
2043,湖南中睿餐饮中方分公司备用食堂6
2044,湖南中睿餐饮中方分公司备用食堂7
2045,湖南中睿餐饮中方分公司备用食堂8
2046,湖南中睿餐饮中方分公司备用食堂9
2047,湖南中睿餐饮中方分公司备用食堂10
2051,解放军第九六0医院（本部）一楼家属餐厅
2052,济南解放军第960医院南院备用餐厅2
2054,湖南顶好餐饮管理有限公司备用食堂2
2055,尚医咖啡大连医大二院备用餐厅
2056,尚医咖啡大连大学附属中山医院备用餐厅
2057,陈诗睿备用
2059,苏州京东方华东核心能力大楼食堂备用餐厅1
2060,苏州京东方华东核心能力大楼食堂备用餐厅2
2061,苏州京东方华东核心能力大楼食堂备用餐厅3
2063,米加乐洛阳店
2067,云南工商学院润致园备用1
2068,云南工商学院润致园备用2
2070,茶百道郑州店
2072,重庆市渝北区人民医院备用1
2073,重庆市渝北区人民医院备用2
2074,重庆市渝北区人民医院备用3
2075,南阳市中心医院营养食堂
2077,南阳市中心医院营养食堂一层
2078,河南博越餐饮管理有限公司备用3
2079,河南博越餐饮管理有限公司备用4
2080,河南博越餐饮管理有限公司备用5
2081,河南博越餐饮管理有限公司备用6
2082,河南博越餐饮管理有限公司备用7
2083,河南博越餐饮管理有限公司备用8
2084,河南博越餐饮管理有限公司备用9
2089,厦门华天涉外职业技术学院第二食堂备用A
2090,厦门华天涉外职业技术学院第二食堂备用B
2091,厦门华天涉外职业技术学院第二食堂备用C
2092,厦门华天涉外职业技术学院第二食堂备用D
2093,厦门华天涉外职业技术学院第二食堂备用E
2094,河科大新院区备用餐厅1
2095,河科大新院区备用餐厅2
2096,河科大新院区备用餐厅3
2097,河科大新院区备用餐厅4
2099,杭州市慧港科技园好胜客餐厅备用A
2100,杭州市慧港科技园好胜客餐厅备用B
2101,杭州市慧港科技园好胜客餐厅备用C
2102,杭州市慧港科技园好胜客餐厅备用D
2103,杭州市慧港科技园好胜客餐厅备用E
2104,洛阳市第八人民医院营养餐厅
2105,洛阳市涧西区健康餐饮2
2106,洛阳市涧西区健康餐饮3
2107,洛阳市涧西区健康餐饮4
2108,洛阳市涧西区健康餐饮5
2109,洛阳市涧西区健康餐饮6
2110,洛阳市涧西区健康餐饮7
2111,洛阳市涧西区健康餐饮8
2112,洛阳市涧西区健康餐饮9
2113,温州森马服饰金勺子备用A
2114,温州森马服饰金勺子备用B
2115,温州森马服饰金勺子备用C
2119,中信食堂
2121,宁波康喜乐嘉餐饮管理有限公司武汉分公司备用1
2122,宁波康喜乐嘉餐饮管理有限公司武汉分公司备用2
2123,宁波康喜乐嘉餐饮管理有限公司武汉分公司备用3
2124,宁波康喜乐嘉餐饮管理有限公司武汉分公司备用4
2125,宁波康喜乐嘉餐饮管理有限公司武汉分公司备用5
2126,宁波康喜乐嘉餐饮管理有限公司武汉分公司备用6
2127,宁波康喜乐嘉餐饮管理有限公司武汉分公司备用7
2128,宁波康喜乐嘉餐饮管理有限公司武汉分公司备用8
2129,宁波康喜乐嘉餐饮管理有限公司武汉分公司备用9
2130,宁波康喜乐嘉餐饮管理有限公司武汉分公司备用10
2131,宁波康喜乐嘉餐饮管理有限公司武汉分公司备用11
2132,宁波康喜乐嘉餐饮管理有限公司武汉分公司备用12
2133,宁波康喜乐嘉餐饮管理有限公司武汉分公司备用13
2134,宁波康喜乐嘉餐饮管理有限公司武汉分公司备用14
2135,宁波康喜乐嘉餐饮管理有限公司武汉分公司备用15
2136,宁波康喜乐嘉餐饮管理有限公司武汉分公司备用16
2137,宁波康喜乐嘉餐饮管理有限公司武汉分公司备用17
2138,宁波康喜乐嘉餐饮管理有限公司武汉分公司备用18
2139,宁波康喜乐嘉餐饮管理有限公司武汉分公司备用19
2140,宁波康喜乐嘉餐饮管理有限公司武汉分公司备用20
2142,杭州市肿瘤医院食堂
2145,天津联东优谷食堂超市
2146,天津联东优谷园区超市
2147,漫猫咖啡备用食堂1
2148,漫猫咖啡备用食堂2
2149,漫猫咖啡备用食堂3
2150,漫猫咖啡备用食堂4
2151,华观大厦2楼餐厅-鸿俊
2154,武汉东湖网谷食堂备用1
2155,武汉东湖网谷食堂备用2
2156,武汉东湖网谷食堂备用3
2157,武汉东湖网谷食堂备用4
2158,武汉东湖网谷食堂备用5
2159,何禹记老酒馆青岛店-A
2160,武汉东湖网谷食堂备用6
2161,何禹记老酒馆青岛店-B
2162,何禹记老酒馆青岛店-C
2163,武汉东湖网谷食堂备用7
2164,武汉东湖网谷食堂备用8
2165,何禹记老酒馆青岛店-D
2166,武汉东湖网谷食堂备用9
2167,何禹记老酒馆青岛店-E
2168,武汉东湖网谷食堂备用10
2169,武汉东湖网谷食堂备用11
2170,武汉东湖网谷食堂备用12
2171,武汉东湖网谷食堂备用13
2172,武汉东湖网谷食堂备用14
2173,武汉东湖网谷食堂备用15
2174,武汉东湖网谷食堂备用16
2175,武汉东湖网谷食堂备用17
2176,武汉东湖网谷食堂备用18
2177,武汉东湖网谷食堂备用19
2179,厦门市软件园二期23号楼炫鼎餐厅一楼备用A
2180,厦门市软件园二期23号楼炫鼎餐厅一楼备用B
2181,厦门市软件园二期23号楼炫鼎餐厅一楼备用C
2182,厦门市软件园二期23号楼炫鼎餐厅一楼备用D
2183,厦门市软件园二期23号楼炫鼎餐厅一楼备用E
2184,厦门市观音山园区古龙小厨食堂负一楼备用A
2185,厦门市观音山园区古龙小厨食堂负一楼备用B
2186,厦门市观音山园区古龙小厨食堂负一楼备用C
2192,石岩人民医院食堂
2193,石岩人民医院食堂-詹家乐
2194,阿里测试食堂
2197,合肥格力工业园食堂备用餐厅1
2198,合肥格力工业园食堂备用餐厅2
2199,合肥格力工业园食堂备用餐厅3
2200,上海海尔智谷楚阳智慧餐厅
2201,上海阿特蒙医院职工食堂
2202,上海崇明上海船厂技工学校二楼食堂
2203,上海崇明上海船厂园区嘉华餐厅
2204,楚阳备用食堂5
2205,楚阳备用食堂6
2206,楚阳备用食堂7
2207,楚阳备用食堂8
2208,楚阳备用食堂9
2209,楚阳备用食堂10
2213,粤海产业园餐饮服务中心-私房菜
2215,四川现代医院武侯院区备用1
2216,四川现代医院武侯院区备用2
2217,湖南顶好餐饮管理有限公司备用食堂3
2218,湖南顶好餐饮管理有限公司备用食堂4
2219,湖南顶好餐饮管理有限公司备用食堂5
2220,安徽国际商务职业技术学院食堂一楼备用餐厅2
2221,安徽国际商务职业技术学院食堂一楼备用餐厅3
2222,安徽国际商务职业技术学院食堂一楼备用餐厅4
2223,安徽国际商务职业技术学院食堂一楼备用餐厅5
2225,河南科技大学第一附属医院老院区肿瘤楼三楼餐厅
2226,河南科技大学第一附属医院新院区门诊楼一楼咖啡馆
2227,河南科技大学第一附属医院新院区一楼营养餐厅超市
2232,杭州火车南站88折餐厅
2233,浙江卡游科技有限公司企业食堂备用C
2234,浙江卡游科技有限公司企业食堂备用D
2235,浙江卡游科技有限公司企业食堂备用E
2236,河南科技大学第一附属医院喜粤餐厅
2237,废弃餐厅
2238,河南科技大学第一附属医院秦川餐厅
2239,河南科技大学第一附属医院卡萨餐厅
2241,河南科技大学第一附属医院大盘鸡餐厅
2242,河南科技大学第一附属医院景华餐厅
2243,河南科技大学第一附属医院华阳餐厅
2244,河南科技大学第一附属医院和平门烤鸭店
2246,杭州三花江虹国际创意园佰味家食堂备用A
2247,杭州三花江虹国际创意园佰味家食堂备用B
2248,杭州三花江虹国际创意园佰味家食堂备用C
2249,杭州三花江虹国际创意园佰味家食堂备用D
2250,杭州三花江虹国际创意园佰味家食堂备用E
2251,富士康南宁科技园B厂区21栋-康惠餐饮
2252,富士康南宁科技园B厂区-康惠备用1
2253,南宁市瑞声科技产业园-康惠备用1
2254,苏州美餐纵备用食堂
2255,汉堡王长春活力城店
2256,武汉犇创食堂备用1
2257,武汉犇创食堂备用2
2258,武汉犇创食堂备用3
2259,武汉犇创食堂备用4
2260,武汉犇创食堂备用5
2261,武汉犇创食堂备用6
2262,武汉犇创食堂备用7
2263,武汉犇创食堂备用8
2264,武汉犇创食堂备用9
2265,武汉犇创食堂备用10
2266,清康悦餐饮青岛店
2267,金食多废弃
2268,中禾
2269,德胜福
2270,中禾快手专用
2271,金食多快手专用
2274,伊源盛鼎1
2275,香美博达备用食堂1
2276,香美博达备用食堂2
2277,卤太宗卤味饭馆望京SOHO店
2280,吉肴郑东新区店
2282,杭州三维大厦好胜客大食堂备用A
2283,珠海市尔康科技园食堂一楼备用1
2284,杭州三维大厦好胜客大食堂备用B
2285,珠海市尔康科技园食堂一楼备用2
2286,珠海市尔康科技园食堂一楼备用3
2287,杭州三维大厦好胜客大食堂备用C
2288,珠海市尔康科技园食堂一楼备用4
2289,珠海市尔康科技园食堂一楼备用5
2290,杭州三维大厦好胜客大食堂备用D
2292,杭州三维大厦好胜客大食堂备用E
2293,杭州三维大厦好胜客大食堂备用F
2295,杭州三维大厦好胜客大食堂备用G
2296,杭州三维大厦好胜客大食堂备用H
2297,杭州三维大厦好胜客大食堂备用I
2298,杭州三维大厦好胜客大食堂备用J
2299,杭州三维大厦好胜客大食堂备用K
2300,杭州三维大厦好胜客大食堂备用L
2301,杭州三维大厦好胜客大食堂备用M
2302,杭州三维大厦好胜客大食堂备用N
2303,杭州三维大厦好胜客大食堂备用O
2304,杭州三维大厦好胜客大食堂备用P
2305,杭州三维大厦好胜客大食堂备用Q
2306,杭州三维大厦好胜客大食堂备用R
2307,杭州三维大厦好胜客大食堂备用S
2308,杭州三维大厦好胜客大食堂备用T
2310,厦门市软件园三期B08号楼一周峰味餐厅备用A
2311,厦门市软件园三期B08号楼一周峰味餐厅备用B
2312,厦门市软件园三期B08号楼一周峰味餐厅备用C
2314,新城国际广场食堂备用1
2315,新城国际广场食堂备用2
2317,泉州市菲莉中心大厦食堂三楼备用A
2318,泉州市菲莉中心大厦食堂三楼备用B
2319,泉州市菲莉中心大厦食堂三楼备用C
2320,泉州市菲莉中心大厦食堂三楼备用D
2321,泉州市菲莉中心大厦食堂三楼备用E
2323,南昌豫章1号文化创投大厦食堂17楼备用1
2324,南昌豫章1号文化创投大厦食堂17楼备用2
2325,南昌豫章1号文化创投大厦食堂17楼备用3
2326,中粮云景-光明区-宝宝饿了职工食堂备用1
2327,中粮云景-光明区-宝宝饿了职工食堂备用2
2328,西安市东欣美食城（备用1）
2329,西安市东欣美食城（备用2）
2331,青岛市半岛都市报社大厦职工食堂
2332,奕林餐饮备用食堂2
2333,奕林餐饮备用食堂3
2335,华润雪花啤酒西安有限公司备用1
2336,华润雪花啤酒西安有限公司备用2
2337,泉州市菲莉中心大厦食堂三楼备用F
2338,山西太原清控美食广场备用餐厅一
2339,山西太原清控美食广场餐厅二
2341,南通三院病患餐厅
2342,中粮祥云
2343,小谷姐姐麻辣拌麻辣烫华创广场店
2344,米知味洛阳云峰店
2345,中远海运零食货柜
2346,中科青岛研发城备用餐厅1
2348,湘潭县中医医院职工食堂
2350,合肥格力工业园食堂备用餐厅4
2351,合肥格力工业园食堂备用餐厅5
2383,赵英伟测试员工商户
2384,王世超备用食堂3
2385,曹测试测试
2516,淮南青网科创园食堂一楼备用餐厅1
2517,淮南青网科创园食堂一楼备用餐厅2
2518,淮南青网科创园食堂一楼备用餐厅3
2896,河南农大家属院社区一楼餐厅
3060,恒丰国际负一层食堂
3061,赵英伟食堂8月10日
3145,成都立亚学美超市备用1
3207,天全县中医院晟丰备用6
3208,天全县中医院晟丰备用7
3431,方太水吧
3576,厦门市翔安第一中学（补缴费）
3782,百度鹏寰员工餐厅
4263,岁测试食堂20230221
4806,东莞-南方工厂D区-探炉
